IPR;v1.0.3;12/03/2024;Temps d'execution :;2.57secs
"CODE_OPERATION";"CODE_STATION";"DATE";"CODE_PAR";"LIB_PAR";"RESULTAT"
"3412";"27612";"23/09/2008";NA;"ALT";5
"3412";"27612";"23/09/2008";7744;"Score NER";4.61558590181247
"3412";"27612";"23/09/2008";7743;"Score NEL";1.03894828722529
"3412";"27612";"23/09/2008";7644;"Score NTE";0.102129483010535
"3412";"27612";"23/09/2008";7786;"Score DIT";0.110635521824307
"3412";"27612";"23/09/2008";7746;"Score DIO";0.701471386754026
"3412";"27612";"23/09/2008";7745;"Score DII";3.52466577586049
"3412";"27612";"23/09/2008";7787;"Score DTI";7.20967714074891
"3412";"27612";"23/09/2008";7036;"IPR";17.303113497236
"3411";"27612";"05/10/2010";NA;"ALT";5
"3411";"27612";"05/10/2010";7744;"Score NER";4.5178777067117
"3411";"27612";"05/10/2010";7743;"Score NEL";3.40426386041189
"3411";"27612";"05/10/2010";7644;"Score NTE";2.68986907597214
"3411";"27612";"05/10/2010";7786;"Score DIT";0.0332041361733099
"3411";"27612";"05/10/2010";7746;"Score DIO";0.624456771777424
"3411";"27612";"05/10/2010";7745;"Score DII";12.0554033174206
"3411";"27612";"05/10/2010";7787;"Score DTI";18.2207057705868
"3411";"27612";"05/10/2010";7036;"IPR";41.5457806390539
"3410";"27612";"19/08/2013";NA;"ALT";5
"3410";"27612";"19/08/2013";7744;"Score NER";1.64615833618333
"3410";"27612";"19/08/2013";7743;"Score NEL";0.190598439680835
"3410";"27612";"19/08/2013";7644;"Score NTE";3.4369339216288
"3410";"27612";"19/08/2013";7786;"Score DIT";0.965823066615996
"3410";"27612";"19/08/2013";7746;"Score DIO";3.63874558684429
"3410";"27612";"19/08/2013";7745;"Score DII";4.71795749293479
"3410";"27612";"19/08/2013";7787;"Score DTI";3.08178832214366
"3410";"27612";"19/08/2013";7036;"IPR";17.6780051660317
"4880";"27612";"15/09/2014";NA;"ALT";5
"4880";"27612";"15/09/2014";7744;"Score NER";4.6043321219655
"4880";"27612";"15/09/2014";7743;"Score NEL";3.33060052297215
"4880";"27612";"15/09/2014";7644;"Score NTE";1.62113179699177
"4880";"27612";"15/09/2014";7786;"Score DIT";0.114864796978067
"4880";"27612";"15/09/2014";7746;"Score DIO";0.654257243961934
"4880";"27612";"15/09/2014";7745;"Score DII";7.71694929303763
"4880";"27612";"15/09/2014";7787;"Score DTI";12.5373197503247
"4880";"27612";"15/09/2014";7036;"IPR";30.5794555262318
"5079";"27612";"20/09/2016";NA;"ALT";5
"5079";"27612";"20/09/2016";7744;"Score NER";0.033188038917773
"5079";"27612";"20/09/2016";7743;"Score NEL";0.0213546290318445
"5079";"27612";"20/09/2016";7644;"Score NTE";9.63648190983841
"5079";"27612";"20/09/2016";7786;"Score DIT";1.35280312264471
"5079";"27612";"20/09/2016";7746;"Score DIO";5.00544109888584
"5079";"27612";"20/09/2016";7745;"Score DII";3.67024392440035
"5079";"27612";"20/09/2016";7787;"Score DTI";1.41615711854612
"5079";"27612";"20/09/2016";7036;"IPR";21.135669842265
"39610";"27612";"22/08/2018";NA;"ALT";5
"39610";"27612";"22/08/2018";7744;"Score NER";4.58558767982778
"39610";"27612";"22/08/2018";7743;"Score NEL";0.970992454379011
"39610";"27612";"22/08/2018";7644;"Score NTE";2.01096249991478
"39610";"27612";"22/08/2018";7786;"Score DIT";1.81606031227169
"39610";"27612";"22/08/2018";7746;"Score DIO";5.61375416636601
"39610";"27612";"22/08/2018";7745;"Score DII";6.19031743064051
"39610";"27612";"22/08/2018";7787;"Score DTI";0.13108879865444
"39610";"27612";"22/08/2018";7036;"IPR";21.3187633420542
"83488";"27612";"08/09/2020";NA;"ALT";5
"83488";"27612";"08/09/2020";7744;"Score NER";1.64700031793646
"83488";"27612";"08/09/2020";7743;"Score NEL";3.26630204555282
"83488";"27612";"08/09/2020";7644;"Score NTE";12.1345379984332
"83488";"27612";"08/09/2020";7786;"Score DIT";0.976375002171756
"83488";"27612";"08/09/2020";7746;"Score DIO";4.26470671498657
"83488";"27612";"08/09/2020";7745;"Score DII";5.02736738840089
"83488";"27612";"08/09/2020";7787;"Score DTI";1.24245314469177
"83488";"27612";"08/09/2020";7036;"IPR";28.5587426121735
"88569";"27612";"20/09/2022";NA;"ALT";5
"88569";"27612";"20/09/2022";7744;"Score NER";4.56104561174905
"88569";"27612";"20/09/2022";7743;"Score NEL";3.22137455216626
"88569";"27612";"20/09/2022";7644;"Score NTE";2.00775147348517
"88569";"27612";"20/09/2022";7786;"Score DIT";0.273138879634898
"88569";"27612";"20/09/2022";7746;"Score DIO";1.25050923885108
"88569";"27612";"20/09/2022";7745;"Score DII";2.64602202005434
"88569";"27612";"20/09/2022";7787;"Score DTI";3.27619647965565
"88569";"27612";"20/09/2022";7036;"IPR";17.2360382555965
"20570";"32733";"05/08/2013";NA;"ALT";960
"20570";"32733";"05/08/2013";7744;"Score NER";0.242970875190314
"20570";"32733";"05/08/2013";7743;"Score NEL";1.86684013929109
"20570";"32733";"05/08/2013";7644;"Score NTE";1.39704071570034
"20570";"32733";"05/08/2013";7786;"Score DIT";0.340804061118768
"20570";"32733";"05/08/2013";7746;"Score DIO";1.66711411601353
"20570";"32733";"05/08/2013";7745;"Score DII";1.39821877318066
"20570";"32733";"05/08/2013";7787;"Score DTI";0.523536125306053
"20570";"32733";"05/08/2013";7036;"IPR";7.43652480580075
"20589";"32733";"17/07/2014";NA;"ALT";960
"20589";"32733";"17/07/2014";7744;"Score NER";0.224456020646659
"20589";"32733";"17/07/2014";7743;"Score NEL";1.70416084963533
"20589";"32733";"17/07/2014";7644;"Score NTE";1.1737277660536
"20589";"32733";"17/07/2014";7786;"Score DIT";0.359193451164285
"20589";"32733";"17/07/2014";7746;"Score DIO";1.65249186653268
"20589";"32733";"17/07/2014";7745;"Score DII";2.30715137043472
"20589";"32733";"17/07/2014";7787;"Score DTI";1.67184845745111
"20589";"32733";"17/07/2014";7036;"IPR";9.09302978191838
"20620";"32733";"06/07/2015";NA;"ALT";960
"20620";"32733";"06/07/2015";7744;"Score NER";0.280736885034375
"20620";"32733";"06/07/2015";7743;"Score NEL";2.1619548876745
"20620";"32733";"06/07/2015";7644;"Score NTE";1.81435739005648
"20620";"32733";"06/07/2015";7786;"Score DIT";0.216376007997835
"20620";"32733";"06/07/2015";7746;"Score DIO";1.31027775712866
"20620";"32733";"06/07/2015";7745;"Score DII";1.23711467782504
"20620";"32733";"06/07/2015";7787;"Score DTI";0.37679844535847
"20620";"32733";"06/07/2015";7036;"IPR";7.39761605107536
"20644";"32733";"07/07/2016";NA;"ALT";960
"20644";"32733";"07/07/2016";7744;"Score NER";0.246213397372745
"20644";"32733";"07/07/2016";7743;"Score NEL";1.89416095205625
"20644";"32733";"07/07/2016";7644;"Score NTE";1.43493797694861
"20644";"32733";"07/07/2016";7786;"Score DIT";0.256335030988644
"20644";"32733";"07/07/2016";7746;"Score DIO";1.37125612123579
"20644";"32733";"07/07/2016";7745;"Score DII";2.28463673314355
"20644";"32733";"07/07/2016";7787;"Score DTI";1.71540997014471
"20644";"32733";"07/07/2016";7036;"IPR";9.20295018189031
"20661";"32733";"08/08/2017";NA;"ALT";960
"20661";"32733";"08/08/2017";7744;"Score NER";0.275245900856826
"20661";"32733";"08/08/2017";7743;"Score NEL";2.12222696029913
"20661";"32733";"08/08/2017";7644;"Score NTE";1.75699476462444
"20661";"32733";"08/08/2017";7786;"Score DIT";0.218902471173243
"20661";"32733";"08/08/2017";7746;"Score DIO";1.30704925555512
"20661";"32733";"08/08/2017";7745;"Score DII";1.46663202560304
"20661";"32733";"08/08/2017";7787;"Score DTI";0.68386320022485
"20661";"32733";"08/08/2017";7036;"IPR";7.83091457833664
"39343";"32733";"09/08/2018";NA;"ALT";960
"39343";"32733";"09/08/2018";7744;"Score NER";0.288090560979653
"39343";"32733";"09/08/2018";7743;"Score NEL";2.21345764201943
"39343";"32733";"09/08/2018";7644;"Score NTE";1.88941678207514
"39343";"32733";"09/08/2018";7786;"Score DIT";0.220356153938086
"39343";"32733";"09/08/2018";7746;"Score DIO";1.34495646627689
"39343";"32733";"09/08/2018";7745;"Score DII";1.4337370035153
"39343";"32733";"09/08/2018";7787;"Score DTI";0.661336156338598
"39343";"32733";"09/08/2018";7036;"IPR";8.0513507651431
"82969";"32733";"26/06/2019";NA;"ALT";960
"82969";"32733";"26/06/2019";7744;"Score NER";0.294580048926088
"82969";"32733";"26/06/2019";7743;"Score NEL";2.25729451583807
"82969";"32733";"26/06/2019";7644;"Score NTE";1.95399397511137
"82969";"32733";"26/06/2019";7786;"Score DIT";0.212457088629731
"82969";"32733";"26/06/2019";7746;"Score DIO";1.32613226221855
"82969";"32733";"26/06/2019";7745;"Score DII";2.43823299867017
"82969";"32733";"26/06/2019";7787;"Score DTI";2.04956949468206
"82969";"32733";"26/06/2019";7036;"IPR";10.532260384076
"84493";"32733";"23/06/2020";NA;"ALT";960
"84493";"32733";"23/06/2020";7744;"Score NER";0.270457161844176
"84493";"32733";"23/06/2020";7743;"Score NEL";2.08669140296687
"84493";"32733";"23/06/2020";7644;"Score NTE";1.70604495760645
"84493";"32733";"23/06/2020";7786;"Score DIT";0.280997736649209
"84493";"32733";"23/06/2020";7746;"Score DIO";1.54230995461509
"84493";"32733";"23/06/2020";7745;"Score DII";1.53080989107081
"84493";"32733";"23/06/2020";7787;"Score DTI";0.762478431025721
"84493";"32733";"23/06/2020";7036;"IPR";8.17978953577832
"87145";"32733";"30/06/2021";NA;"ALT";960
"87145";"32733";"30/06/2021";7744;"Score NER";0.255485875191659
"87145";"32733";"30/06/2021";7743;"Score NEL";1.97026830469348
"87145";"32733";"30/06/2021";7644;"Score NTE";1.54120554744475
"87145";"32733";"30/06/2021";7786;"Score DIT";0.299535855366858
"87145";"32733";"30/06/2021";7746;"Score DIO";1.56449501754837
"87145";"32733";"30/06/2021";7745;"Score DII";2.51714674449531
"87145";"32733";"30/06/2021";7787;"Score DTI";2.05275704472605
"87145";"32733";"30/06/2021";7036;"IPR";10.2008943894665
"88790";"32733";"01/07/2022";NA;"ALT";960
"88790";"32733";"01/07/2022";7744;"Score NER";0.289558702563029
"88790";"32733";"01/07/2022";7743;"Score NEL";2.22350718902997
"88790";"32733";"01/07/2022";7644;"Score NTE";1.90416202845305
"88790";"32733";"01/07/2022";7786;"Score DIT";0.290371546828256
"88790";"32733";"01/07/2022";7746;"Score DIO";1.63284255588394
"88790";"32733";"01/07/2022";7745;"Score DII";1.61119217170099
"88790";"32733";"01/07/2022";7787;"Score DTI";0.909001247941452
"88790";"32733";"01/07/2022";7036;"IPR";8.86063544240069
"90033";"32733";"04/07/2023";NA;"ALT";960
"90033";"32733";"04/07/2023";7744;"Score NER";0.270814921612867
"90033";"32733";"04/07/2023";7743;"Score NEL";2.08937482675499
"90033";"32733";"04/07/2023";7644;"Score NTE";1.70988112827189
"90033";"32733";"04/07/2023";7786;"Score DIT";0.287912788924682
"90033";"32733";"04/07/2023";7746;"Score DIO";1.5698925434623
"90033";"32733";"04/07/2023";7745;"Score DII";2.292449514803
"90033";"32733";"04/07/2023";7787;"Score DTI";1.79544759613795
"90033";"32733";"04/07/2023";7036;"IPR";10.0157733199677
"23894";"34862";"09/08/2007";NA;"ALT";368
"23894";"34862";"09/08/2007";7744;"Score NER";1.89117297876532
"23894";"34862";"09/08/2007";7743;"Score NEL";1.26633493516941
"23894";"34862";"09/08/2007";7644;"Score NTE";2.72787929504839
"23894";"34862";"09/08/2007";7786;"Score DIT";0.948820790846107
"23894";"34862";"09/08/2007";7746;"Score DIO";0.237345772680577
"23894";"34862";"09/08/2007";7745;"Score DII";0.696036825493585
"23894";"34862";"09/08/2007";7787;"Score DTI";0.233556649518411
"23894";"34862";"09/08/2007";7036;"IPR";8.00114724752179
"23893";"34862";"16/07/2009";NA;"ALT";368
"23893";"34862";"16/07/2009";7744;"Score NER";2.28837691851879
"23893";"34862";"16/07/2009";7743;"Score NEL";1.46935406218239
"23893";"34862";"16/07/2009";7644;"Score NTE";3.44313269025975
"23893";"34862";"16/07/2009";7786;"Score DIT";0.861504959742841
"23893";"34862";"16/07/2009";7746;"Score DIO";0.0808642056854633
"23893";"34862";"16/07/2009";7745;"Score DII";0.408799909655459
"23893";"34862";"16/07/2009";7787;"Score DTI";0.544277965209631
"23893";"34862";"16/07/2009";7036;"IPR";9.09631071125433
"23892";"34862";"22/07/2011";NA;"ALT";368
"23892";"34862";"22/07/2011";7744;"Score NER";2.43717377021116
"23892";"34862";"22/07/2011";7743;"Score NEL";1.54227670195657
"23892";"34862";"22/07/2011";7644;"Score NTE";2.37993254040399
"23892";"34862";"22/07/2011";7786;"Score DIT";0.968513798028744
"23892";"34862";"22/07/2011";7746;"Score DIO";0.477066451987849
"23892";"34862";"22/07/2011";7745;"Score DII";0.343384915185317
"23892";"34862";"22/07/2011";7787;"Score DTI";1.04222257440637
"23892";"34862";"22/07/2011";7036;"IPR";9.19057075217999
"21432";"34862";"03/10/2014";NA;"ALT";368
"21432";"34862";"03/10/2014";7744;"Score NER";1.18651419801136
"21432";"34862";"03/10/2014";7743;"Score NEL";0.65144634699407
"21432";"34862";"03/10/2014";7644;"Score NTE";3.03811300331958
"21432";"34862";"03/10/2014";7786;"Score DIT";1.12353560456214
"21432";"34862";"03/10/2014";7746;"Score DIO";0.402113382747598
"21432";"34862";"03/10/2014";7745;"Score DII";0.418536332047949
"21432";"34862";"03/10/2014";7787;"Score DTI";0.34731074199725
"21432";"34862";"03/10/2014";7036;"IPR";7.16756960967994
"21431";"34862";"31/07/2015";NA;"ALT";368
"21431";"34862";"31/07/2015";7744;"Score NER";0.375082592057576
"21431";"34862";"31/07/2015";7743;"Score NEL";0.0310312030701087
"21431";"34862";"31/07/2015";7644;"Score NTE";0.972497335913419
"21431";"34862";"31/07/2015";7786;"Score DIT";0.860928334745939
"21431";"34862";"31/07/2015";7746;"Score DIO";0.0544641686862207
"21431";"34862";"31/07/2015";7745;"Score DII";0.479111015581411
"21431";"34862";"31/07/2015";7787;"Score DTI";0.02769348798627
"21431";"34862";"31/07/2015";7036;"IPR";2.80080813804094
"21430";"34862";"21/08/2017";NA;"ALT";368
"21430";"34862";"21/08/2017";7744;"Score NER";1.08025255456164
"21430";"34862";"21/08/2017";7743;"Score NEL";0.604156558893079
"21430";"34862";"21/08/2017";7644;"Score NTE";2.68504954587686
"21430";"34862";"21/08/2017";7786;"Score DIT";1.66370809882871
"21430";"34862";"21/08/2017";7746;"Score DIO";0.067571238289183
"21430";"34862";"21/08/2017";7745;"Score DII";0.399411301713875
"21430";"34862";"21/08/2017";7787;"Score DTI";0.838904950402205
"21430";"34862";"21/08/2017";7036;"IPR";7.33905424856555
"81944";"34862";"31/07/2019";NA;"ALT";368
"81944";"34862";"31/07/2019";7744;"Score NER";5.06174283051524
"81944";"34862";"31/07/2019";7743;"Score NEL";3.42217761831397
"81944";"34862";"31/07/2019";7644;"Score NTE";5.51933423858819
"81944";"34862";"31/07/2019";7786;"Score DIT";1.88449268304385
"81944";"34862";"31/07/2019";7746;"Score DIO";0.352105613822176
"81944";"34862";"31/07/2019";7745;"Score DII";0.597135065486431
"81944";"34862";"31/07/2019";7787;"Score DTI";1.45011726453695
"81944";"34862";"31/07/2019";7036;"IPR";18.2871053143068
"86702";"34862";"09/09/2021";NA;"ALT";368
"86702";"34862";"09/09/2021";7744;"Score NER";2.60990839803376
"86702";"34862";"09/09/2021";7743;"Score NEL";0.597488031733473
"86702";"34862";"09/09/2021";7644;"Score NTE";1.50364650797241
"86702";"34862";"09/09/2021";7786;"Score DIT";1.0903190111033
"86702";"34862";"09/09/2021";7746;"Score DIO";0.734798968605153
"86702";"34862";"09/09/2021";7745;"Score DII";0.645385298812744
"86702";"34862";"09/09/2021";7787;"Score DTI";0.580542876025027
"86702";"34862";"09/09/2021";7036;"IPR";7.76208909228587
"90630";"34862";"13/07/2023";NA;"ALT";368
"90630";"34862";"13/07/2023";7744;"Score NER";0.879607987910758
"90630";"34862";"13/07/2023";7743;"Score NEL";0.127830140348265
"90630";"34862";"13/07/2023";7644;"Score NTE";0.238824889504898
"90630";"34862";"13/07/2023";7786;"Score DIT";1.50974408036709
"90630";"34862";"13/07/2023";7746;"Score DIO";0.727809292725925
"90630";"34862";"13/07/2023";7745;"Score DII";0.97801525709811
"90630";"34862";"13/07/2023";7787;"Score DTI";0.519009508202158
"90630";"34862";"13/07/2023";7036;"IPR";4.9808411561572
"16595";"41469";"10/06/2008";NA;"ALT";6
"16595";"41469";"10/06/2008";7744;"Score NER";5.41165930190096
"16595";"41469";"10/06/2008";7743;"Score NEL";4.83230648137928
"16595";"41469";"10/06/2008";7644;"Score NTE";0.251725824125508
"16595";"41469";"10/06/2008";7786;"Score DIT";0.575038013555991
"16595";"41469";"10/06/2008";7746;"Score DIO";1.83144287956835
"16595";"41469";"10/06/2008";7745;"Score DII";1.30704634772576
"16595";"41469";"10/06/2008";7787;"Score DTI";2.7216746069688
"16595";"41469";"10/06/2008";7036;"IPR";16.9308934552246
"16594";"41469";"08/06/2010";NA;"ALT";6
"16594";"41469";"08/06/2010";7744;"Score NER";5.58489225972349
"16594";"41469";"08/06/2010";7743;"Score NEL";4.89768371827215
"16594";"41469";"08/06/2010";7644;"Score NTE";3.32392863760769
"16594";"41469";"08/06/2010";7786;"Score DIT";1.64830184428002
"16594";"41469";"08/06/2010";7746;"Score DIO";4.327000518885
"16594";"41469";"08/06/2010";7745;"Score DII";0.572432430577407
"16594";"41469";"08/06/2010";7787;"Score DTI";0.104302231684066
"16594";"41469";"08/06/2010";7036;"IPR";20.4585416410298
"16593";"41469";"14/06/2012";NA;"ALT";6
"16593";"41469";"14/06/2012";7744;"Score NER";5.5259705481527
"16593";"41469";"14/06/2012";7743;"Score NEL";4.87602938156437
"16593";"41469";"14/06/2012";7644;"Score NTE";0.1911533850254
"16593";"41469";"14/06/2012";7786;"Score DIT";1.60867399724196
"16593";"41469";"14/06/2012";7746;"Score DIO";4.50166332519528
"16593";"41469";"14/06/2012";7745;"Score DII";0.756251802810309
"16593";"41469";"14/06/2012";7787;"Score DTI";0.350305403755777
"16593";"41469";"14/06/2012";7036;"IPR";17.8100478437458
"15080";"41469";"20/06/2014";NA;"ALT";6
"15080";"41469";"20/06/2014";7744;"Score NER";5.55224467006321
"15080";"41469";"20/06/2014";7743;"Score NEL";4.88575977475408
"15080";"41469";"20/06/2014";7644;"Score NTE";0.99209714796323
"15080";"41469";"20/06/2014";7786;"Score DIT";1.18353587141994
"15080";"41469";"20/06/2014";7746;"Score DIO";3.14188652160908
"15080";"41469";"20/06/2014";7745;"Score DII";1.40641230608897
"15080";"41469";"20/06/2014";7787;"Score DTI";1.86641587721764
"15080";"41469";"20/06/2014";7036;"IPR";19.0283521691161
"15161";"41469";"19/05/2016";NA;"ALT";6
"15161";"41469";"19/05/2016";7744;"Score NER";5.27775773705561
"15161";"41469";"19/05/2016";7743;"Score NEL";2.32098352819816
"15161";"41469";"19/05/2016";7644;"Score NTE";3.68150264610846
"15161";"41469";"19/05/2016";7786;"Score DIT";2.23104575556699
"15161";"41469";"19/05/2016";7746;"Score DIO";5.19583574484195
"15161";"41469";"19/05/2016";7745;"Score DII";1.21623068706011
"15161";"41469";"19/05/2016";7787;"Score DTI";0.376125934160291
"15161";"41469";"19/05/2016";7036;"IPR";20.2994820329916
"38750";"41469";"05/06/2018";NA;"ALT";6
"38750";"41469";"05/06/2018";7744;"Score NER";5.37149269766443
"38750";"41469";"05/06/2018";7743;"Score NEL";4.81640791131187
"38750";"41469";"05/06/2018";7644;"Score NTE";2.21247078544668
"38750";"41469";"05/06/2018";7786;"Score DIT";2.88424941597101
"38750";"41469";"05/06/2018";7746;"Score DIO";6.64949838500082
"38750";"41469";"05/06/2018";7745;"Score DII";0.403425222774456
"38750";"41469";"05/06/2018";7787;"Score DTI";0.662318697180082
"38750";"41469";"05/06/2018";7036;"IPR";22.9998631153494
"83293";"41469";"02/06/2020";NA;"ALT";6
"83293";"41469";"02/06/2020";7744;"Score NER";5.60525422408996
"83293";"41469";"02/06/2020";7743;"Score NEL";2.41464252782354
"83293";"41469";"02/06/2020";7644;"Score NTE";3.30226909653113
"83293";"41469";"02/06/2020";7786;"Score DIT";2.30903867331314
"83293";"41469";"02/06/2020";7746;"Score DIO";5.70403483717544
"83293";"41469";"02/06/2020";7745;"Score DII";0.514916687643895
"83293";"41469";"02/06/2020";7787;"Score DTI";0.206175164266939
"83293";"41469";"02/06/2020";7036;"IPR";20.056331210844
"90758";"41469";"03/05/2023";NA;"ALT";6
"90758";"41469";"03/05/2023";7744;"Score NER";5.39328724811686
"90758";"41469";"03/05/2023";7743;"Score NEL";4.82506907259232
"90758";"41469";"03/05/2023";7644;"Score NTE";0.441979506173244
"90758";"41469";"03/05/2023";7786;"Score DIT";2.02156304613299
"90758";"41469";"03/05/2023";7746;"Score DIO";5.31780630617964
"90758";"41469";"03/05/2023";7745;"Score DII";0.511478513658235
"90758";"41469";"03/05/2023";7787;"Score DTI";0.0270817257264999
"90758";"41469";"03/05/2023";7036;"IPR";18.5382654185798
"6510";"41764";"31/08/2007";NA;"ALT";19
"6510";"41764";"31/08/2007";7744;"Score NER";0.0360967407580578
"6510";"41764";"31/08/2007";7743;"Score NEL";0.0129616770922481
"6510";"41764";"31/08/2007";7644;"Score NTE";5.62562100615939
"6510";"41764";"31/08/2007";7786;"Score DIT";1.72320029659758
"6510";"41764";"31/08/2007";7746;"Score DIO";5.19950109990167
"6510";"41764";"31/08/2007";7745;"Score DII";0.967983946428783
"6510";"41764";"31/08/2007";7787;"Score DTI";0.264157997265362
"6510";"41764";"31/08/2007";7036;"IPR";13.8295227642031
"6527";"41764";"29/08/2008";NA;"ALT";19
"6527";"41764";"29/08/2008";7744;"Score NER";0.0350332113338155
"6527";"41764";"29/08/2008";7743;"Score NEL";0.00930539577267052
"6527";"41764";"29/08/2008";7644;"Score NTE";4.10298793808824
"6527";"41764";"29/08/2008";7786;"Score DIT";1.265805545404
"6527";"41764";"29/08/2008";7746;"Score DIO";3.53343583094038
"6527";"41764";"29/08/2008";7745;"Score DII";0.812105398413843
"6527";"41764";"29/08/2008";7787;"Score DTI";0.404840451259501
"6527";"41764";"29/08/2008";7036;"IPR";10.1635137712124
"6612";"41764";"15/10/2009";NA;"ALT";19
"6612";"41764";"15/10/2009";7744;"Score NER";0.953114796376551
"6612";"41764";"15/10/2009";7743;"Score NEL";0.0523864229784486
"6612";"41764";"15/10/2009";7644;"Score NTE";0.10887930257706
"6612";"41764";"15/10/2009";7786;"Score DIT";1.63355886849329
"6612";"41764";"15/10/2009";7746;"Score DIO";1.6668861847297
"6612";"41764";"15/10/2009";7745;"Score DII";0.717620558146072
"6612";"41764";"15/10/2009";7787;"Score DTI";0.0874797735918569
"6612";"41764";"15/10/2009";7036;"IPR";5.21992590689298
"6711";"41764";"31/08/2010";NA;"ALT";19
"6711";"41764";"31/08/2010";7744;"Score NER";0.0336718776963378
"6711";"41764";"31/08/2010";7743;"Score NEL";0.00711692148098316
"6711";"41764";"31/08/2010";7644;"Score NTE";4.17090075732868
"6711";"41764";"31/08/2010";7786;"Score DIT";2.98961555575645
"6711";"41764";"31/08/2010";7746;"Score DIO";6.66622482593473
"6711";"41764";"31/08/2010";7745;"Score DII";0.138397368363391
"6711";"41764";"31/08/2010";7787;"Score DTI";2.95626339654159
"6711";"41764";"31/08/2010";7036;"IPR";16.9621907031022
"6723";"41764";"05/09/2011";NA;"ALT";19
"6723";"41764";"05/09/2011";7744;"Score NER";0.247130513912131
"6723";"41764";"05/09/2011";7743;"Score NEL";0.0740830989094326
"6723";"41764";"05/09/2011";7644;"Score NTE";2.77351694961346
"6723";"41764";"05/09/2011";7786;"Score DIT";3.15088415253115
"6723";"41764";"05/09/2011";7746;"Score DIO";6.30780631553432
"6723";"41764";"05/09/2011";7745;"Score DII";0.558422724753491
"6723";"41764";"05/09/2011";7787;"Score DTI";2.38246466126032
"6723";"41764";"05/09/2011";7036;"IPR";15.4943084165143
"6797";"41764";"10/09/2012";NA;"ALT";19
"6797";"41764";"10/09/2012";7744;"Score NER";0.0339854623400081
"6797";"41764";"10/09/2012";7743;"Score NEL";0.00753405065360556
"6797";"41764";"10/09/2012";7644;"Score NTE";4.15502290912966
"6797";"41764";"10/09/2012";7786;"Score DIT";1.7755386057369
"6797";"41764";"10/09/2012";7746;"Score DIO";3.22637925444578
"6797";"41764";"10/09/2012";7745;"Score DII";1.01542429907406
"6797";"41764";"10/09/2012";7787;"Score DTI";0.099429872040315
"6797";"41764";"10/09/2012";7036;"IPR";10.3133144534203
"6831";"41764";"02/09/2013";NA;"ALT";19
"6831";"41764";"02/09/2013";7744;"Score NER";0.242815537440489
"6831";"41764";"02/09/2013";7743;"Score NEL";1.11153272125845
"6831";"41764";"02/09/2013";7644;"Score NTE";1.68617636224311
"6831";"41764";"02/09/2013";7786;"Score DIT";1.68742857575306
"6831";"41764";"02/09/2013";7746;"Score DIO";3.05893517180115
"6831";"41764";"02/09/2013";7745;"Score DII";0.925322203809334
"6831";"41764";"02/09/2013";7787;"Score DTI";0.185961046473312
"6831";"41764";"02/09/2013";7036;"IPR";8.8981716187789
"6865";"41764";"01/09/2014";NA;"ALT";19
"6865";"41764";"01/09/2014";7744;"Score NER";0.035848842696821
"6865";"41764";"01/09/2014";7743;"Score NEL";0.0115916501606995
"6865";"41764";"01/09/2014";7644;"Score NTE";4.06631076164389
"6865";"41764";"01/09/2014";7786;"Score DIT";1.66963142366763
"6865";"41764";"01/09/2014";7746;"Score DIO";4.90044781879673
"6865";"41764";"01/09/2014";7745;"Score DII";1.07155354276701
"6865";"41764";"01/09/2014";7787;"Score DTI";0.205721000862253
"6865";"41764";"01/09/2014";7036;"IPR";11.961105040595
"6871";"41764";"28/08/2015";NA;"ALT";19
"6871";"41764";"28/08/2015";7744;"Score NER";0.0355138097441862
"6871";"41764";"28/08/2015";7743;"Score NEL";0.0104660277919955
"6871";"41764";"28/08/2015";7644;"Score NTE";4.08043376146587
"6871";"41764";"28/08/2015";7786;"Score DIT";1.49997080191218
"6871";"41764";"28/08/2015";7746;"Score DIO";3.56931913482246
"6871";"41764";"28/08/2015";7745;"Score DII";1.50779477856976
"6871";"41764";"28/08/2015";7787;"Score DTI";0.333458297489673
"6871";"41764";"28/08/2015";7036;"IPR";11.0369566117961
"6899";"41764";"25/08/2016";NA;"ALT";19
"6899";"41764";"25/08/2016";7744;"Score NER";0.23222622318153
"6899";"41764";"25/08/2016";7743;"Score NEL";0.00529035919250684
"6899";"41764";"25/08/2016";7644;"Score NTE";2.89373811347856
"6899";"41764";"25/08/2016";7786;"Score DIT";1.02144735294773
"6899";"41764";"25/08/2016";7746;"Score DIO";2.23457671759084
"6899";"41764";"25/08/2016";7745;"Score DII";2.31375135514726
"6899";"41764";"25/08/2016";7787;"Score DTI";0.985568159072616
"6899";"41764";"25/08/2016";7036;"IPR";9.68659828061103
"6926";"41764";"24/08/2017";NA;"ALT";19
"6926";"41764";"24/08/2017";7744;"Score NER";0.0318783872188505
"6926";"41764";"24/08/2017";7743;"Score NEL";0.00528190728527885
"6926";"41764";"24/08/2017";7644;"Score NTE";4.26261163382261
"6926";"41764";"24/08/2017";7786;"Score DIT";2.93547509541296
"6926";"41764";"24/08/2017";7746;"Score DIO";5.459825717159
"6926";"41764";"24/08/2017";7745;"Score DII";0.606662269526565
"6926";"41764";"24/08/2017";7787;"Score DTI";1.88580035872173
"6926";"41764";"24/08/2017";7036;"IPR";15.187535369147
"38979";"41764";"04/09/2018";NA;"ALT";19
"38979";"41764";"04/09/2018";7744;"Score NER";0.242841013617798
"38979";"41764";"04/09/2018";7743;"Score NEL";0.00754052540018801
"38979";"41764";"04/09/2018";7644;"Score NTE";4.15478850754679
"38979";"41764";"04/09/2018";7786;"Score DIT";1.65247058986571
"38979";"41764";"04/09/2018";7746;"Score DIO";3.46114400822902
"38979";"41764";"04/09/2018";7745;"Score DII";1.0486496933282
"38979";"41764";"04/09/2018";7787;"Score DTI";0.0530885087039949
"38979";"41764";"04/09/2018";7036;"IPR";10.6205228466917
"82602";"41764";"06/09/2019";NA;"ALT";19
"82602";"41764";"06/09/2019";7744;"Score NER";0.240910271981836
"82602";"41764";"06/09/2019";7743;"Score NEL";0.00704266971469245
"82602";"41764";"06/09/2019";7644;"Score NTE";2.82254231572579
"82602";"41764";"06/09/2019";7786;"Score DIT";2.20433977838928
"82602";"41764";"06/09/2019";7746;"Score DIO";4.47898705859064
"82602";"41764";"06/09/2019";7745;"Score DII";0.657034045432864
"82602";"41764";"06/09/2019";7787;"Score DTI";0.568437815204637
"82602";"41764";"06/09/2019";7036;"IPR";10.9792939550397
"84156";"41764";"28/08/2020";NA;"ALT";19
"84156";"41764";"28/08/2020";7744;"Score NER";0.242697915529581
"84156";"41764";"28/08/2020";7743;"Score NEL";0.0661063510207339
"84156";"41764";"28/08/2020";7644;"Score NTE";1.68691943846272
"84156";"41764";"28/08/2020";7786;"Score DIT";2.133434915171
"84156";"41764";"28/08/2020";7746;"Score DIO";4.88365169542458
"84156";"41764";"28/08/2020";7745;"Score DII";0.686842678862047
"84156";"41764";"28/08/2020";7787;"Score DTI";1.42265939933946
"84156";"41764";"28/08/2020";7036;"IPR";11.1223123938101
"87020";"41764";"26/08/2021";NA;"ALT";19
"87020";"41764";"26/08/2021";7744;"Score NER";0.0318647375601045
"87020";"41764";"26/08/2021";7743;"Score NEL";0.00527059087768163
"87020";"41764";"26/08/2021";7644;"Score NTE";4.2633128718147
"87020";"41764";"26/08/2021";7786;"Score DIT";2.96681515557148
"87020";"41764";"26/08/2021";7746;"Score DIO";6.77062178834291
"87020";"41764";"26/08/2021";7745;"Score DII";0.376602275930497
"87020";"41764";"26/08/2021";7787;"Score DTI";2.25882572771592
"87020";"41764";"26/08/2021";7036;"IPR";16.6733131478133
"87838";"41764";"25/08/2022";NA;"ALT";19
"87838";"41764";"25/08/2022";7744;"Score NER";0.032414295900734
"87838";"41764";"25/08/2022";7743;"Score NEL";0.0057528711079007
"87838";"41764";"25/08/2022";7644;"Score NTE";4.23510807032619
"87838";"41764";"25/08/2022";7786;"Score DIT";1.89880476341161
"87838";"41764";"25/08/2022";7746;"Score DIO";3.58904149515811
"87838";"41764";"25/08/2022";7745;"Score DII";0.625446810438339
"87838";"41764";"25/08/2022";7787;"Score DTI";0.435433774515894
"87838";"41764";"25/08/2022";7036;"IPR";10.8220020808588
"91336";"41764";"29/08/2023";NA;"ALT";19
"91336";"41764";"29/08/2023";7744;"Score NER";0.0347895930547096
"91336";"41764";"29/08/2023";7743;"Score NEL";0.0088246602985351
"91336";"41764";"29/08/2023";7644;"Score NTE";4.11486644997391
"91336";"41764";"29/08/2023";7786;"Score DIT";1.81145246845061
"91336";"41764";"29/08/2023";7746;"Score DIO";3.68141597176327
"91336";"41764";"29/08/2023";7745;"Score DII";0.986555252910403
"91336";"41764";"29/08/2023";7787;"Score DTI";0.0784692057557452
"91336";"41764";"29/08/2023";7036;"IPR";10.7163736022072
"6491";"47430";"06/06/2007";NA;"ALT";15
"6491";"47430";"06/06/2007";7744;"Score NER";2.43153415173013
"6491";"47430";"06/06/2007";7743;"Score NEL";1.49799063607675
"6491";"47430";"06/06/2007";7644;"Score NTE";8.15316417659962
"6491";"47430";"06/06/2007";7786;"Score DIT";2.67462506057228
"6491";"47430";"06/06/2007";7746;"Score DIO";4.91842127554246
"6491";"47430";"06/06/2007";7745;"Score DII";0.970682823571973
"6491";"47430";"06/06/2007";7787;"Score DTI";0.272908732520094
"6491";"47430";"06/06/2007";7036;"IPR";20.9193268566133
"6528";"47430";"12/06/2008";NA;"ALT";15
"6528";"47430";"12/06/2008";7744;"Score NER";0.846982158805778
"6528";"47430";"12/06/2008";7743;"Score NEL";1.61605607484688
"6528";"47430";"12/06/2008";7644;"Score NTE";6.69619624588527
"6528";"47430";"12/06/2008";7786;"Score DIT";1.94529941898436
"6528";"47430";"12/06/2008";7746;"Score DIO";3.61582438589356
"6528";"47430";"12/06/2008";7745;"Score DII";1.8388726010318
"6528";"47430";"12/06/2008";7787;"Score DTI";1.22028527753063
"6528";"47430";"12/06/2008";7036;"IPR";17.7795161629783
"6623";"47430";"30/06/2009";NA;"ALT";15
"6623";"47430";"30/06/2009";7744;"Score NER";0.888425538756002
"6623";"47430";"30/06/2009";7743;"Score NEL";1.50412419854883
"6623";"47430";"30/06/2009";7644;"Score NTE";3.11331344150045
"6623";"47430";"30/06/2009";7786;"Score DIT";1.66513452539036
"6623";"47430";"30/06/2009";7746;"Score DIO";2.76556582211539
"6623";"47430";"30/06/2009";7745;"Score DII";0.986706483428292
"6623";"47430";"30/06/2009";7787;"Score DTI";0.662991746538501
"6623";"47430";"30/06/2009";7036;"IPR";11.5862617562778
"6713";"47430";"11/06/2010";NA;"ALT";15
"6713";"47430";"11/06/2010";7744;"Score NER";0.892424021122858
"6713";"47430";"11/06/2010";7743;"Score NEL";3.21926366974176
"6713";"47430";"11/06/2010";7644;"Score NTE";3.08980634525814
"6713";"47430";"11/06/2010";7786;"Score DIT";1.80520685812791
"6713";"47430";"11/06/2010";7746;"Score DIO";2.72281964752976
"6713";"47430";"11/06/2010";7745;"Score DII";0.706297253739893
"6713";"47430";"11/06/2010";7787;"Score DTI";0.212797960715216
"6713";"47430";"11/06/2010";7036;"IPR";12.6486157562355
"6725";"47430";"28/06/2011";NA;"ALT";15
"6725";"47430";"28/06/2011";7744;"Score NER";0.894309673323457
"6725";"47430";"28/06/2011";7743;"Score NEL";3.12430462483357
"6725";"47430";"28/06/2011";7644;"Score NTE";6.16857631466938
"6725";"47430";"28/06/2011";7786;"Score DIT";4.38041779219041
"6725";"47430";"28/06/2011";7746;"Score DIO";7.64328221055871
"6725";"47430";"28/06/2011";7745;"Score DII";0.192201290418789
"6725";"47430";"28/06/2011";7787;"Score DTI";2.9635204415172
"6725";"47430";"28/06/2011";7036;"IPR";25.3666123475115
"6768";"47430";"21/06/2012";NA;"ALT";15
"6768";"47430";"21/06/2012";7744;"Score NER";2.42338138547609
"6768";"47430";"21/06/2012";7743;"Score NEL";1.5223451878376
"6768";"47430";"21/06/2012";7644;"Score NTE";3.13208910674372
"6768";"47430";"21/06/2012";7786;"Score DIT";1.56516050119232
"6768";"47430";"21/06/2012";7746;"Score DIO";2.98893262827631
"6768";"47430";"21/06/2012";7745;"Score DII";1.34167117894259
"6768";"47430";"21/06/2012";7787;"Score DTI";0.933861000784164
"6768";"47430";"21/06/2012";7036;"IPR";13.9074409892528
"6818";"47430";"02/07/2013";NA;"ALT";15
"6818";"47430";"02/07/2013";7744;"Score NER";0.886575398691722
"6818";"47430";"02/07/2013";7743;"Score NEL";3.30224893379164
"6818";"47430";"02/07/2013";7644;"Score NTE";4.56140810614913
"6818";"47430";"02/07/2013";7786;"Score DIT";3.03828702184599
"6818";"47430";"02/07/2013";7746;"Score DIO";5.66365811587528
"6818";"47430";"02/07/2013";7745;"Score DII";0.991686332731192
"6818";"47430";"02/07/2013";7787;"Score DTI";0.394094294406955
"6818";"47430";"02/07/2013";7036;"IPR";18.8379582034919
"6866";"47430";"02/09/2014";NA;"ALT";15
"6866";"47430";"02/09/2014";7744;"Score NER";0.889255608430158
"6866";"47430";"02/09/2014";7743;"Score NEL";1.49799063607675
"6866";"47430";"02/09/2014";7644;"Score NTE";4.54002882791143
"6866";"47430";"02/09/2014";7786;"Score DIT";4.5734104907465
"6866";"47430";"02/09/2014";7746;"Score DIO";8.07250362387128
"6866";"47430";"02/09/2014";7745;"Score DII";0.302749292331977
"6866";"47430";"02/09/2014";7787;"Score DTI";2.46430251331027
"6866";"47430";"02/09/2014";7036;"IPR";22.3402409926784
"6894";"47430";"09/07/2015";NA;"ALT";15
"6894";"47430";"09/07/2015";7744;"Score NER";0.891840118522257
"6894";"47430";"09/07/2015";7743;"Score NEL";3.0162345751675
"6894";"47430";"09/07/2015";7644;"Score NTE";6.18567020438329
"6894";"47430";"09/07/2015";7786;"Score DIT";3.73107983906538
"6894";"47430";"09/07/2015";7746;"Score DIO";6.67719230399218
"6894";"47430";"09/07/2015";7745;"Score DII";0.807970369900921
"6894";"47430";"09/07/2015";7787;"Score DTI";1.58694899971315
"6894";"47430";"09/07/2015";7036;"IPR";22.8969364107447
"6897";"47430";"29/06/2016";NA;"ALT";15
"6897";"47430";"29/06/2016";7744;"Score NER";0.876931096555526
"6897";"47430";"29/06/2016";7743;"Score NEL";3.37241736278167
"6897";"47430";"29/06/2016";7644;"Score NTE";4.64303501293871
"6897";"47430";"29/06/2016";7786;"Score DIT";2.00940401083732
"6897";"47430";"29/06/2016";7746;"Score DIO";3.97827170074587
"6897";"47430";"29/06/2016";7745;"Score DII";2.65722508992295
"6897";"47430";"29/06/2016";7787;"Score DTI";1.1528738204286
"6897";"47430";"29/06/2016";7036;"IPR";18.6901580942107
"6925";"47430";"21/06/2017";NA;"ALT";15
"6925";"47430";"21/06/2017";7744;"Score NER";2.43446751232358
"6925";"47430";"21/06/2017";7743;"Score NEL";2.96668485342337
"6925";"47430";"21/06/2017";7644;"Score NTE";1.92750561623352
"6925";"47430";"21/06/2017";7786;"Score DIT";3.06596714764837
"6925";"47430";"21/06/2017";7746;"Score DIO";5.13556507912792
"6925";"47430";"21/06/2017";7745;"Score DII";0.456610519370791
"6925";"47430";"21/06/2017";7787;"Score DTI";1.26482936170887
"6925";"47430";"21/06/2017";7036;"IPR";17.2516300898364
"38977";"47430";"20/06/2018";NA;"ALT";15
"38977";"47430";"20/06/2018";7744;"Score NER";0.859334924244666
"38977";"47430";"20/06/2018";7743;"Score NEL";1.59922400604831
"38977";"47430";"20/06/2018";7644;"Score NTE";4.80769180523017
"38977";"47430";"20/06/2018";7786;"Score DIT";2.01724972961116
"38977";"47430";"20/06/2018";7746;"Score DIO";4.129158896365
"38977";"47430";"20/06/2018";7745;"Score DII";2.55145912437141
"38977";"47430";"20/06/2018";7787;"Score DTI";1.07968806047569
"38977";"47430";"20/06/2018";7036;"IPR";17.0438065463464
"82624";"47430";"13/09/2019";NA;"ALT";15
"82624";"47430";"13/09/2019";7744;"Score NER";0.858166607774701
"82624";"47430";"13/09/2019";7743;"Score NEL";3.44450769330009
"82624";"47430";"13/09/2019";7644;"Score NTE";3.33343628555924
"82624";"47430";"13/09/2019";7786;"Score DIT";2.65913376376961
"82624";"47430";"13/09/2019";7746;"Score DIO";5.412934488063
"82624";"47430";"13/09/2019";7745;"Score DII";1.23440246991095
"82624";"47430";"13/09/2019";7787;"Score DTI";0.0144018037973926
"82624";"47430";"13/09/2019";7036;"IPR";16.956983112175
"83875";"47430";"14/10/2020";NA;"ALT";15
"83875";"47430";"14/10/2020";7744;"Score NER";0.887723542533115
"83875";"47430";"14/10/2020";7743;"Score NEL";1.50890042812472
"83875";"47430";"14/10/2020";7644;"Score NTE";4.55216842133014
"83875";"47430";"14/10/2020";7786;"Score DIT";3.08881726746371
"83875";"47430";"14/10/2020";7746;"Score DIO";5.83034981053025
"83875";"47430";"14/10/2020";7745;"Score DII";0.371096290705891
"83875";"47430";"14/10/2020";7787;"Score DTI";1.13567968539503
"83875";"47430";"14/10/2020";7036;"IPR";17.3747354460829
"86952";"47430";"22/06/2021";NA;"ALT";15
"86952";"47430";"22/06/2021";7744;"Score NER";0.845223528341101
"86952";"47430";"22/06/2021";7743;"Score NEL";1.61793241457242
"86952";"47430";"22/06/2021";7644;"Score NTE";4.95390957562067
"86952";"47430";"22/06/2021";7786;"Score DIT";3.0900925529353
"86952";"47430";"22/06/2021";7746;"Score DIO";6.06174030324102
"86952";"47430";"22/06/2021";7745;"Score DII";0.857783481034728
"86952";"47430";"22/06/2021";7787;"Score DTI";0.346918982106666
"86952";"47430";"22/06/2021";7036;"IPR";17.7736008378519
"87642";"47430";"20/06/2022";NA;"ALT";15
"87642";"47430";"20/06/2022";7744;"Score NER";0.883329864732108
"87642";"47430";"20/06/2022";7743;"Score NEL";3.33064966179138
"87642";"47430";"20/06/2022";7644;"Score NTE";6.278789525474
"87642";"47430";"20/06/2022";7786;"Score DIT";6.14292340115135
"87642";"47430";"20/06/2022";7746;"Score DIO";10.8108747927764
"87642";"47430";"20/06/2022";7745;"Score DII";0.402906245952615
"87642";"47430";"20/06/2022";7787;"Score DTI";4.26026087413767
"87642";"47430";"20/06/2022";7036;"IPR";32.1097343660155
"91332";"47430";"20/06/2023";NA;"ALT";15
"91332";"47430";"20/06/2023";7744;"Score NER";2.42117790468865
"91332";"47430";"20/06/2023";7743;"Score NEL";3.32173372369644
"91332";"47430";"20/06/2023";7644;"Score NTE";1.93758976516129
"91332";"47430";"20/06/2023";7786;"Score DIT";4.14333707103142
"91332";"47430";"20/06/2023";7746;"Score DIO";7.57305382699105
"91332";"47430";"20/06/2023";7745;"Score DII";1.24103347335489
"91332";"47430";"20/06/2023";7787;"Score DTI";1.2380986189215
"91332";"47430";"20/06/2023";7036;"IPR";21.8760243838452
"26883";"62334";"14/09/2007";NA;"ALT";78
"26883";"62334";"14/09/2007";7744;"Score NER";5.74803347814818
"26883";"62334";"14/09/2007";7743;"Score NEL";5.1102141987417
"26883";"62334";"14/09/2007";7644;"Score NTE";1.41107548516113
"26883";"62334";"14/09/2007";7786;"Score DIT";1.13312721724138
"26883";"62334";"14/09/2007";7746;"Score DIO";0.89921763574836
"26883";"62334";"14/09/2007";7745;"Score DII";0.361225546668325
"26883";"62334";"14/09/2007";7787;"Score DTI";0.225606803076802
"26883";"62334";"14/09/2007";7036;"IPR";14.8885003647859
"26882";"62334";"16/09/2008";NA;"ALT";78
"26882";"62334";"16/09/2008";7744;"Score NER";5.80323718564439
"26882";"62334";"16/09/2008";7743;"Score NEL";5.06090600058245
"26882";"62334";"16/09/2008";7644;"Score NTE";0.626006515186051
"26882";"62334";"16/09/2008";7786;"Score DIT";2.86978287516163
"26882";"62334";"16/09/2008";7746;"Score DIO";2.48404946232569
"26882";"62334";"16/09/2008";7745;"Score DII";0.377684262667756
"26882";"62334";"16/09/2008";7787;"Score DTI";2.41568624285138
"26882";"62334";"16/09/2008";7036;"IPR";19.6373525444193
"24702";"62334";"11/09/2009";NA;"ALT";78
"24702";"62334";"11/09/2009";7744;"Score NER";2.45667104830956
"24702";"62334";"11/09/2009";7743;"Score NEL";2.26260013146777
"24702";"62334";"11/09/2009";7644;"Score NTE";0.698721575359448
"24702";"62334";"11/09/2009";7786;"Score DIT";3.36696071653434
"24702";"62334";"11/09/2009";7746;"Score DIO";2.92413537680746
"24702";"62334";"11/09/2009";7745;"Score DII";0.00640577824951069
"24702";"62334";"11/09/2009";7787;"Score DTI";6.10167789914097
"24702";"62334";"11/09/2009";7036;"IPR";17.8171725258691
"24701";"62334";"16/09/2010";NA;"ALT";78
"24701";"62334";"16/09/2010";7744;"Score NER";5.79448731723011
"24701";"62334";"16/09/2010";7743;"Score NEL";5.07167805549075
"24701";"62334";"16/09/2010";7644;"Score NTE";2.61498612105026
"24701";"62334";"16/09/2010";7786;"Score DIT";1.45576364771317
"24701";"62334";"16/09/2010";7746;"Score DIO";1.29833722894665
"24701";"62334";"16/09/2010";7745;"Score DII";0.202073697546691
"24701";"62334";"16/09/2010";7787;"Score DTI";2.40366132857424
"24701";"62334";"16/09/2010";7036;"IPR";18.8409873965519
"24700";"62334";"26/09/2011";NA;"ALT";78
"24700";"62334";"26/09/2011";7744;"Score NER";5.81699115145406
"24700";"62334";"26/09/2011";7743;"Score NEL";5.0394722154852
"24700";"62334";"26/09/2011";7644;"Score NTE";0.0396197157136074
"24700";"62334";"26/09/2011";7786;"Score DIT";1.712741143554
"24700";"62334";"26/09/2011";7746;"Score DIO";1.35688770980436
"24700";"62334";"26/09/2011";7745;"Score DII";0.0751548544021919
"24700";"62334";"26/09/2011";7787;"Score DTI";2.40315640274832
"24700";"62334";"26/09/2011";7036;"IPR";16.4440231931617
"24699";"62334";"26/09/2012";NA;"ALT";78
"24699";"62334";"26/09/2012";7744;"Score NER";5.80665809893222
"24699";"62334";"26/09/2012";7743;"Score NEL";2.27473012445152
"24699";"62334";"26/09/2012";7644;"Score NTE";0.0584206356268011
"24699";"62334";"26/09/2012";7786;"Score DIT";2.15173504059727
"24699";"62334";"26/09/2012";7746;"Score DIO";1.85118019534279
"24699";"62334";"26/09/2012";7745;"Score DII";0.0611474132864747
"24699";"62334";"26/09/2012";7787;"Score DTI";3.16953995761227
"24699";"62334";"26/09/2012";7036;"IPR";15.3734114658493
"24698";"62334";"26/09/2013";NA;"ALT";78
"24698";"62334";"26/09/2013";7744;"Score NER";5.74600911293299
"24698";"62334";"26/09/2013";7743;"Score NEL";5.11143438774424
"24698";"62334";"26/09/2013";7644;"Score NTE";1.40767847010271
"24698";"62334";"26/09/2013";7786;"Score DIT";1.76241034888449
"24698";"62334";"26/09/2013";7746;"Score DIO";1.60234244509569
"24698";"62334";"26/09/2013";7745;"Score DII";0.0547416732551386
"24698";"62334";"26/09/2013";7787;"Score DTI";2.67438209558272
"24698";"62334";"26/09/2013";7036;"IPR";18.358998533598
"24697";"62334";"15/09/2014";NA;"ALT";78
"24697";"62334";"15/09/2014";7744;"Score NER";5.77764882420648
"24697";"62334";"15/09/2014";7743;"Score NEL";5.08851277674331
"24697";"62334";"15/09/2014";7644;"Score NTE";1.46479771417778
"24697";"62334";"15/09/2014";7786;"Score DIT";2.22078029820353
"24697";"62334";"15/09/2014";7746;"Score DIO";1.89419815990651
"24697";"62334";"15/09/2014";7745;"Score DII";0.0315719332291197
"24697";"62334";"15/09/2014";7787;"Score DTI";3.16492407086039
"24697";"62334";"15/09/2014";7036;"IPR";19.6424337773271
"24696";"62334";"29/09/2015";NA;"ALT";78
"24696";"62334";"29/09/2015";7744;"Score NER";5.8119274728269
"24696";"62334";"29/09/2015";7743;"Score NEL";2.27302537753921
"24696";"62334";"29/09/2015";7644;"Score NTE";0.644226813462002
"24696";"62334";"29/09/2015";7786;"Score DIT";2.89824070118839
"24696";"62334";"29/09/2015";7746;"Score DIO";2.58710408897855
"24696";"62334";"29/09/2015";7745;"Score DII";0.0133795955995978
"24696";"62334";"29/09/2015";7787;"Score DTI";4.36061234027816
"24696";"62334";"29/09/2015";7036;"IPR";18.5885163898728
"24695";"62334";"20/09/2016";NA;"ALT";78
"24695";"62334";"20/09/2016";7744;"Score NER";5.80416620575834
"24695";"62334";"20/09/2016";7743;"Score NEL";5.05965484173043
"24695";"62334";"20/09/2016";7644;"Score NTE";0.627858021151933
"24695";"62334";"20/09/2016";7786;"Score DIT";2.14368706878428
"24695";"62334";"20/09/2016";7746;"Score DIO";1.79245425347869
"24695";"62334";"20/09/2016";7745;"Score DII";0.100636290286822
"24695";"62334";"20/09/2016";7787;"Score DTI";2.95932219978533
"24695";"62334";"20/09/2016";7036;"IPR";18.4877788809758
"24694";"62334";"18/09/2017";NA;"ALT";78
"24694";"62334";"18/09/2017";7744;"Score NER";5.81677614593678
"24694";"62334";"18/09/2017";7743;"Score NEL";5.0398666283852
"24694";"62334";"18/09/2017";7644;"Score NTE";1.55685653416782
"24694";"62334";"18/09/2017";7786;"Score DIT";2.07134964503707
"24694";"62334";"18/09/2017";7746;"Score DIO";1.70789326807979
"24694";"62334";"18/09/2017";7745;"Score DII";0.0851229476227927
"24694";"62334";"18/09/2017";7787;"Score DTI";3.69510820725485
"24694";"62334";"18/09/2017";7036;"IPR";19.9729733764843
"39639";"62334";"20/09/2018";NA;"ALT";78
"39639";"62334";"20/09/2018";7744;"Score NER";5.81511299597548
"39639";"62334";"20/09/2018";7743;"Score NEL";5.04283944471154
"39639";"62334";"20/09/2018";7644;"Score NTE";1.5519804146986
"39639";"62334";"20/09/2018";7786;"Score DIT";1.75509697448367
"39639";"62334";"20/09/2018";7746;"Score DIO";1.38460325668069
"39639";"62334";"20/09/2018";7745;"Score DII";0.242042411679638
"39639";"62334";"20/09/2018";7787;"Score DTI";2.38875458282683
"39639";"62334";"20/09/2018";7036;"IPR";18.1804300810565
"82793";"62334";"27/09/2019";NA;"ALT";78
"82793";"62334";"27/09/2019";7744;"Score NER";5.76741192970563
"82793";"62334";"27/09/2019";7743;"Score NEL";5.09693950094622
"82793";"62334";"27/09/2019";7644;"Score NTE";1.44525868039463
"82793";"62334";"27/09/2019";7786;"Score DIT";1.33059168766637
"82793";"62334";"27/09/2019";7746;"Score DIO";1.07324672215692
"82793";"62334";"27/09/2019";7745;"Score DII";0.0014481199729397
"82793";"62334";"27/09/2019";7787;"Score DTI";3.72313672445473
"82793";"62334";"27/09/2019";7036;"IPR";18.4380333652974
"84449";"62334";"23/09/2020";NA;"ALT";78
"84449";"62334";"23/09/2020";7744;"Score NER";2.40404910292155
"84449";"62334";"23/09/2020";7743;"Score NEL";2.28173401684583
"84449";"62334";"23/09/2020";7644;"Score NTE";0.857735721007242
"84449";"62334";"23/09/2020";7786;"Score DIT";3.57432717181881
"84449";"62334";"23/09/2020";7746;"Score DIO";3.22910208602133
"84449";"62334";"23/09/2020";7745;"Score DII";0.17796478731294
"84449";"62334";"23/09/2020";7787;"Score DTI";6.2910239218979
"84449";"62334";"23/09/2020";7036;"IPR";18.8159368078256
"87287";"62334";"13/10/2021";NA;"ALT";78
"87287";"62334";"13/10/2021";7744;"Score NER";5.8241756875895
"87287";"62334";"13/10/2021";7743;"Score NEL";5.02464607159181
"87287";"62334";"13/10/2021";7644;"Score NTE";1.58068761688103
"87287";"62334";"13/10/2021";7786;"Score DIT";3.47371073152759
"87287";"62334";"13/10/2021";7746;"Score DIO";3.00249470407902
"87287";"62334";"13/10/2021";7745;"Score DII";0.00428435672185606
"87287";"62334";"13/10/2021";7787;"Score DTI";7.75088728931564
"87287";"62334";"13/10/2021";7036;"IPR";26.6608864577065
"89152";"62334";"02/09/2022";NA;"ALT";78
"89152";"62334";"02/09/2022";7744;"Score NER";0.714451811610586
"89152";"62334";"02/09/2022";7743;"Score NEL";0.765737878359134
"89152";"62334";"02/09/2022";7644;"Score NTE";1.5672988102953
"89152";"62334";"02/09/2022";7786;"Score DIT";2.76802279097043
"89152";"62334";"02/09/2022";7746;"Score DIO";2.38086451476225
"89152";"62334";"02/09/2022";7745;"Score DII";0.0167119269564976
"89152";"62334";"02/09/2022";7787;"Score DTI";6.18392367445152
"89152";"62334";"02/09/2022";7036;"IPR";14.3970114074057
"90330";"62334";"01/09/2023";NA;"ALT";78
"90330";"62334";"01/09/2023";7744;"Score NER";2.45430338522494
"90330";"62334";"01/09/2023";7743;"Score NEL";2.26408531599445
"90330";"62334";"01/09/2023";7644;"Score NTE";1.60169188673104
"90330";"62334";"01/09/2023";7786;"Score DIT";1.63889404421109
"90330";"62334";"01/09/2023";7746;"Score DIO";1.27911126828686
"90330";"62334";"01/09/2023";7745;"Score DII";0.14065721709677
"90330";"62334";"01/09/2023";7787;"Score DTI";1.84543445656214
"90330";"62334";"01/09/2023";7036;"IPR";11.2241775741073
"30585";"66375";"09/07/2007";NA;"ALT";112
"30585";"66375";"09/07/2007";7744;"Score NER";5.55250967236017
"30585";"66375";"09/07/2007";7743;"Score NEL";4.56180887630395
"30585";"66375";"09/07/2007";7644;"Score NTE";1.28452293904522
"30585";"66375";"09/07/2007";7786;"Score DIT";0.493934466533044
"30585";"66375";"09/07/2007";7746;"Score DIO";1.94690629635461
"30585";"66375";"09/07/2007";7745;"Score DII";1.50103285588671
"30585";"66375";"09/07/2007";7787;"Score DTI";2.52569113670091
"30585";"66375";"09/07/2007";7036;"IPR";17.8664062431846
"30749";"66375";"25/06/2009";NA;"ALT";112
"30749";"66375";"25/06/2009";7744;"Score NER";5.61370848232442
"30749";"66375";"25/06/2009";7743;"Score NEL";2.20743649605582
"30749";"66375";"25/06/2009";7644;"Score NTE";0.373824393056363
"30749";"66375";"25/06/2009";7786;"Score DIT";1.7048424832166
"30749";"66375";"25/06/2009";7746;"Score DIO";5.30398026925459
"30749";"66375";"25/06/2009";7745;"Score DII";0.0911488627407283
"30749";"66375";"25/06/2009";7787;"Score DTI";1.76435146891847
"30749";"66375";"25/06/2009";7036;"IPR";17.059292455567
"30862";"66375";"30/05/2011";NA;"ALT";112
"30862";"66375";"30/05/2011";7744;"Score NER";5.6942016370708
"30862";"66375";"30/05/2011";7743;"Score NEL";8.90914387510964
"30862";"66375";"30/05/2011";7644;"Score NTE";6.49900553469761
"30862";"66375";"30/05/2011";7786;"Score DIT";4.95773982507754
"30862";"66375";"30/05/2011";7746;"Score DIO";11.6602337612601
"30862";"66375";"30/05/2011";7745;"Score DII";0.0648923427044738
"30862";"66375";"30/05/2011";7787;"Score DTI";3.99846573247665
"30862";"66375";"30/05/2011";7036;"IPR";41.7836827083968
"31019";"66375";"04/07/2013";NA;"ALT";112
"31019";"66375";"04/07/2013";7744;"Score NER";5.70430442341918
"31019";"66375";"04/07/2013";7743;"Score NEL";4.98804917286818
"31019";"66375";"04/07/2013";7644;"Score NTE";0.289106597422322
"31019";"66375";"04/07/2013";7786;"Score DIT";0.62749941334717
"31019";"66375";"04/07/2013";7746;"Score DIO";3.76758090980722
"31019";"66375";"04/07/2013";7745;"Score DII";0.0361053871376983
"31019";"66375";"04/07/2013";7787;"Score DTI";2.4475544292707
"31019";"66375";"04/07/2013";7036;"IPR";17.8602003332725
"25079";"66375";"27/05/2015";NA;"ALT";112
"25079";"66375";"27/05/2015";7744;"Score NER";5.59750575610846
"25079";"66375";"27/05/2015";7743;"Score NEL";8.48810483664531
"25079";"66375";"27/05/2015";7644;"Score NTE";1.36152446682141
"25079";"66375";"27/05/2015";7786;"Score DIT";4.12900962274041
"25079";"66375";"27/05/2015";7746;"Score DIO";9.05813968009343
"25079";"66375";"27/05/2015";7745;"Score DII";0.0106786514821833
"25079";"66375";"27/05/2015";7787;"Score DTI";5.47954762321759
"25079";"66375";"27/05/2015";7036;"IPR";34.1245106371088
"25078";"66375";"30/05/2017";NA;"ALT";112
"25078";"66375";"30/05/2017";7744;"Score NER";5.5960429885544
"25078";"66375";"30/05/2017";7743;"Score NEL";8.48170759578836
"25078";"66375";"30/05/2017";7644;"Score NTE";6.16914701795693
"25078";"66375";"30/05/2017";7786;"Score DIT";0.79854959035643
"25078";"66375";"30/05/2017";7746;"Score DIO";1.08208640310285
"25078";"66375";"30/05/2017";7745;"Score DII";0.0759946741252631
"25078";"66375";"30/05/2017";7787;"Score DTI";1.51913902636165
"25078";"66375";"30/05/2017";7036;"IPR";23.7226672962459
"82482";"66375";"03/06/2019";NA;"ALT";112
"82482";"66375";"03/06/2019";7744;"Score NER";5.71014389045798
"82482";"66375";"03/06/2019";7743;"Score NEL";8.9788576264761
"82482";"66375";"03/06/2019";7644;"Score NTE";2.86788513835461
"82482";"66375";"03/06/2019";7786;"Score DIT";2.12520197266327
"82482";"66375";"03/06/2019";7746;"Score DIO";4.79910045781837
"82482";"66375";"03/06/2019";7745;"Score DII";0.049388860438393
"82482";"66375";"03/06/2019";7787;"Score DTI";2.34534791112436
"82482";"66375";"03/06/2019";7036;"IPR";26.8759258573331
"85576";"66375";"03/06/2021";NA;"ALT";112
"85576";"66375";"03/06/2021";7744;"Score NER";5.75258628216292
"85576";"66375";"03/06/2021";7743;"Score NEL";9.16557353138191
"85576";"66375";"03/06/2021";7644;"Score NTE";0.254418318621785
"85576";"66375";"03/06/2021";7786;"Score DIT";2.27574909359826
"85576";"66375";"03/06/2021";7746;"Score DIO";6.40149478055741
"85576";"66375";"03/06/2021";7745;"Score DII";0.124955672359399
"85576";"66375";"03/06/2021";7787;"Score DTI";1.43988709535082
"85576";"66375";"03/06/2021";7036;"IPR";25.4146647740325
"90889";"66375";"30/05/2023";NA;"ALT";112
"90889";"66375";"30/05/2023";7744;"Score NER";5.81494022034236
"90889";"66375";"30/05/2023";7743;"Score NEL";9.44236538187299
"90889";"66375";"30/05/2023";7644;"Score NTE";0.579323053997301
"90889";"66375";"30/05/2023";7786;"Score DIT";0.998084524016746
"90889";"66375";"30/05/2023";7746;"Score DIO";3.31449846181708
"90889";"66375";"30/05/2023";7745;"Score DII";0.260360156720819
"90889";"66375";"30/05/2023";7787;"Score DTI";0.122321438544955
"90889";"66375";"30/05/2023";7036;"IPR";20.5318932373122
"37650";"67671";"04/09/2007";NA;"ALT";197
"37650";"67671";"04/09/2007";7744;"Score NER";0.337540556621404
"37650";"67671";"04/09/2007";7743;"Score NEL";0.275278525546371
"37650";"67671";"04/09/2007";7644;"Score NTE";12.8285824034734
"37650";"67671";"04/09/2007";7786;"Score DIT";4.12524526865222
"37650";"67671";"04/09/2007";7746;"Score DIO";5.69134896625899
"37650";"67671";"04/09/2007";7745;"Score DII";0.0426253751863264
"37650";"67671";"04/09/2007";7787;"Score DTI";5.86592542680019
"37650";"67671";"04/09/2007";7036;"IPR";29.1665465225389
"37649";"67671";"04/06/2009";NA;"ALT";197
"37649";"67671";"04/06/2009";7744;"Score NER";0.0906068345341709
"37649";"67671";"04/06/2009";7743;"Score NEL";0.275278525546371
"37649";"67671";"04/06/2009";7644;"Score NTE";5.301355693552
"37649";"67671";"04/06/2009";7786;"Score DIT";2.95794793065318
"37649";"67671";"04/06/2009";7746;"Score DIO";4.51814829871595
"37649";"67671";"04/06/2009";7745;"Score DII";0.516891442090923
"37649";"67671";"04/06/2009";7787;"Score DTI";1.85492411954247
"37649";"67671";"04/06/2009";7036;"IPR";15.5151528446351
"37648";"67671";"28/06/2011";NA;"ALT";197
"37648";"67671";"28/06/2011";7744;"Score NER";0.058720727382772
"37648";"67671";"28/06/2011";7743;"Score NEL";0.226370478533539
"37648";"67671";"28/06/2011";7644;"Score NTE";3.11213966695328
"37648";"67671";"28/06/2011";7786;"Score DIT";1.8850221510472
"37648";"67671";"28/06/2011";7746;"Score DIO";2.10054804109261
"37648";"67671";"28/06/2011";7745;"Score DII";0.171336941612794
"37648";"67671";"28/06/2011";7787;"Score DTI";2.81515122320084
"37648";"67671";"28/06/2011";7036;"IPR";10.369289229823
"38439";"67671";"24/09/2013";NA;"ALT";197
"38439";"67671";"24/09/2013";7744;"Score NER";0.232817638235671
"38439";"67671";"24/09/2013";7743;"Score NEL";0.653837020820978
"38439";"67671";"24/09/2013";7644;"Score NTE";4.4465878291314
"38439";"67671";"24/09/2013";7786;"Score DIT";3.60588475587545
"38439";"67671";"24/09/2013";7746;"Score DIO";4.39289165877759
"38439";"67671";"24/09/2013";7745;"Score DII";0.0666175586811031
"38439";"67671";"24/09/2013";7787;"Score DTI";4.95366449119421
"38439";"67671";"24/09/2013";7036;"IPR";18.3523009527164
"38438";"67671";"15/09/2015";NA;"ALT";197
"38438";"67671";"15/09/2015";7744;"Score NER";1.66505758524713
"38438";"67671";"15/09/2015";7743;"Score NEL";0.646164732368734
"38438";"67671";"15/09/2015";7644;"Score NTE";1.23988252115059
"38438";"67671";"15/09/2015";7786;"Score DIT";4.06675664125202
"38438";"67671";"15/09/2015";7746;"Score DIO";4.97402748281326
"38438";"67671";"15/09/2015";7745;"Score DII";0.0399417532520053
"38438";"67671";"15/09/2015";7787;"Score DTI";6.53812698098515
"38438";"67671";"15/09/2015";7036;"IPR";19.1699576970689
"38437";"67671";"22/09/2017";NA;"ALT";197
"38437";"67671";"22/09/2017";7744;"Score NER";0.765095113251588
"38437";"67671";"22/09/2017";7743;"Score NEL";0.679829298075304
"38437";"67671";"22/09/2017";7644;"Score NTE";2.00010959956244
"38437";"67671";"22/09/2017";7786;"Score DIT";2.98481416931462
"38437";"67671";"22/09/2017";7746;"Score DIO";4.01487354650673
"38437";"67671";"22/09/2017";7745;"Score DII";0.0596063461011712
"38437";"67671";"22/09/2017";7787;"Score DTI";4.65078197380664
"38437";"67671";"22/09/2017";7036;"IPR";15.1551100466185
"82546";"67671";"05/09/2019";NA;"ALT";197
"82546";"67671";"05/09/2019";7744;"Score NER";0.718825765019983
"82546";"67671";"05/09/2019";7743;"Score NEL";0.656637531476729
"82546";"67671";"05/09/2019";7644;"Score NTE";4.42901265946952
"82546";"67671";"05/09/2019";7786;"Score DIT";3.80828725251055
"82546";"67671";"05/09/2019";7746;"Score DIO";4.35537517897218
"82546";"67671";"05/09/2019";7745;"Score DII";0.00540160177866298
"82546";"67671";"05/09/2019";7787;"Score DTI";9.22976287621892
"82546";"67671";"05/09/2019";7036;"IPR";23.2033028654465
"86877";"67671";"26/08/2021";NA;"ALT";197
"86877";"67671";"26/08/2021";7744;"Score NER";0.807409525240971
"86877";"67671";"26/08/2021";7743;"Score NEL";0.70116745769983
"86877";"67671";"26/08/2021";7644;"Score NTE";5.59445518910578
"86877";"67671";"26/08/2021";7786;"Score DIT";4.74523314846526
"86877";"67671";"26/08/2021";7746;"Score DIO";4.73722023976624
"86877";"67671";"26/08/2021";7745;"Score DII";0.0543135813842985
"86877";"67671";"26/08/2021";7787;"Score DTI";6.10972677271472
"86877";"67671";"26/08/2021";7036;"IPR";22.7495259143771
"91073";"67671";"20/09/2023";NA;"ALT";197
"91073";"67671";"20/09/2023";7744;"Score NER";0.694300507110047
"91073";"67671";"20/09/2023";7743;"Score NEL";0.644439621872882
"91073";"67671";"20/09/2023";7644;"Score NTE";5.96932470394911
"91073";"67671";"20/09/2023";7786;"Score DIT";3.31270018892951
"91073";"67671";"20/09/2023";7746;"Score DIO";3.3011920426804
"91073";"67671";"20/09/2023";7745;"Score DII";0.0177821889349902
"91073";"67671";"20/09/2023";7787;"Score DTI";6.84237175289051
"91073";"67671";"20/09/2023";7036;"IPR";20.7821110063675
"20989";"75003";"02/10/2008";NA;"ALT";475
"20989";"75003";"02/10/2008";7744;"Score NER";10.5001660157942
"20989";"75003";"02/10/2008";7743;"Score NEL";8.47618808563729
"20989";"75003";"02/10/2008";7644;"Score NTE";8.17324833310427
"20989";"75003";"02/10/2008";7786;"Score DIT";0.075419800187705
"20989";"75003";"02/10/2008";7746;"Score DIO";0.272873785618768
"20989";"75003";"02/10/2008";7745;"Score DII";2.59212497115176
"20989";"75003";"02/10/2008";7787;"Score DTI";5.07134351311439
"20989";"75003";"02/10/2008";7036;"IPR";35.1613645046084
"20988";"75003";"03/11/2010";NA;"ALT";475
"20988";"75003";"03/11/2010";7744;"Score NER";11.6018046916392
"20988";"75003";"03/11/2010";7743;"Score NEL";9.33455564457851
"20988";"75003";"03/11/2010";7644;"Score NTE";9.29767043351064
"20988";"75003";"03/11/2010";7786;"Score DIT";0.0582232331910686
"20988";"75003";"03/11/2010";7746;"Score DIO";0.247440730702276
"20988";"75003";"03/11/2010";7745;"Score DII";6.37236361011338
"20988";"75003";"03/11/2010";7787;"Score DTI";11.9912738767055
"20988";"75003";"03/11/2010";7036;"IPR";48.9033322204406
"20987";"75003";"26/10/2012";NA;"ALT";475
"20987";"75003";"26/10/2012";7744;"Score NER";11.591769536936
"20987";"75003";"26/10/2012";7743;"Score NEL";9.32704262688891
"20987";"75003";"26/10/2012";7644;"Score NTE";9.28745159902699
"20987";"75003";"26/10/2012";7786;"Score DIT";0.0583548354019139
"20987";"75003";"26/10/2012";7746;"Score DIO";0.247657473914594
"20987";"75003";"26/10/2012";7745;"Score DII";5.11338112481625
"20987";"75003";"26/10/2012";7787;"Score DTI";9.84320043973291
"20987";"75003";"26/10/2012";7036;"IPR";45.4688576367176
"17861";"75003";"05/03/2014";NA;"ALT";475
"17861";"75003";"05/03/2014";7744;"Score NER";9.64002139705157
"17861";"75003";"05/03/2014";7743;"Score NEL";7.77881632062965
"17861";"75003";"05/03/2014";7644;"Score NTE";7.30160321871051
"17861";"75003";"05/03/2014";7786;"Score DIT";0.0938585557145475
"17861";"75003";"05/03/2014";7746;"Score DIO";0.295384131718669
"17861";"75003";"05/03/2014";7745;"Score DII";8.98843985208475
"17861";"75003";"05/03/2014";7787;"Score DTI";15.7074187524515
"17861";"75003";"05/03/2014";7036;"IPR";49.8055422283612
"17860";"75003";"03/03/2016";NA;"ALT";475
"17860";"75003";"03/03/2016";7744;"Score NER";10.4647489972366
"17860";"75003";"03/03/2016";7743;"Score NEL";8.44773027342464
"17860";"75003";"03/03/2016";7644;"Score NTE";8.13715794006054
"17860";"75003";"03/03/2016";7786;"Score DIT";0.0760787029771399
"17860";"75003";"03/03/2016";7746;"Score DIO";0.273750409411877
"17860";"75003";"03/03/2016";7745;"Score DII";6.15209311771335
"17860";"75003";"03/03/2016";7787;"Score DTI";11.3665661442717
"17860";"75003";"03/03/2016";7036;"IPR";44.9181255850958
"39156";"75003";"10/10/2018";NA;"ALT";475
"39156";"75003";"10/10/2018";7744;"Score NER";10.2160077068116
"39156";"75003";"10/10/2018";7743;"Score NEL";8.24697624369126
"39156";"75003";"10/10/2018";7644;"Score NTE";7.88408309782534
"39156";"75003";"10/10/2018";7786;"Score DIT";0.0809286279069367
"39156";"75003";"10/10/2018";7746;"Score DIO";0.280021681662615
"39156";"75003";"10/10/2018";7745;"Score DII";3.62039941861931
"39156";"75003";"10/10/2018";7787;"Score DTI";6.93528306581312
"39156";"75003";"10/10/2018";7036;"IPR";37.2636998423302
"85567";"75003";"14/09/2020";NA;"ALT";475
"85567";"75003";"14/09/2020";7744;"Score NER";5.32235124434025
"85567";"75003";"14/09/2020";7743;"Score NEL";4.22425103160599
"85567";"75003";"14/09/2020";7644;"Score NTE";4.91533894183567
"85567";"75003";"14/09/2020";7786;"Score DIT";0.104964667006596
"85567";"75003";"14/09/2020";7746;"Score DIO";0.307292661507864
"85567";"75003";"14/09/2020";7745;"Score DII";2.5644057124271
"85567";"75003";"14/09/2020";7787;"Score DTI";4.78811335217768
"85567";"75003";"14/09/2020";7036;"IPR";22.2267176109012
"88237";"75003";"11/10/2022";NA;"ALT";475
"88237";"75003";"11/10/2022";7744;"Score NER";9.03034752265154
"88237";"75003";"11/10/2022";7743;"Score NEL";7.28472201698547
"88237";"75003";"11/10/2022";7644;"Score NTE";6.69174531835724
"88237";"75003";"11/10/2022";7786;"Score DIT";0.110828536095203
"88237";"75003";"11/10/2022";7746;"Score DIO";0.313185112092718
"88237";"75003";"11/10/2022";7745;"Score DII";3.69225690038786
"88237";"75003";"11/10/2022";7787;"Score DTI";6.80098766150135
"88237";"75003";"11/10/2022";7036;"IPR";33.9240730680714
